{"cameraMode":{"drawMode":0,"name":"Shaded","section":"Shading Mode"},"sceneLighting":false,"audioPlay":false,"sceneViewState":{"showFog":true,"showMaterialUpdate":false,"showSkybox":false,"showFlares":true,"showImageEffects":true,"showParticleSystems":true},"in2DMode":false,"pivot":{"x":0.4749999940395355,"y":-9.313216864370588e-12,"z":-0.1599999964237213},"rotation":{"x":-0.10224046558141709,"y":0.8977133631706238,"z":-0.3077997863292694,"w":-0.29818928241729739},"size":0.05271606147289276,"orthographic":false}