{"cameraMode":{"drawMode":0,"name":"Shaded","section":"Shading Mode"},"sceneLighting":false,"audioPlay":false,"sceneViewState":{"showFog":true,"showMaterialUpdate":false,"showSkybox":false,"showFlares":true,"showImageEffects":true,"showParticleSystems":true},"in2DMode":false,"pivot":{"x":-37.975196838378909,"y":-345.85491943359377,"z":26.391921997070314},"rotation":{"x":-0.19528834521770478,"y":0.7991105914115906,"z":-0.3457134962081909,"w":-0.4514051675796509},"size":0.0527166873216629,"orthographic":false}